"","person_id","desired","sex"
"1",1,0,"male"
"2",2,0,"male"
"3",3,0,"male"
"4",4,0,"male"
"5",5,0,"male"
"6",6,1,"male"
"7",7,1,"male"
"8",8,1,"male"
"9",9,1,"male"
"10",10,1,"male"
"11",11,1,"male"
"12",12,1,"male"
"13",13,1,"male"
"14",14,1,"male"
"15",15,1,"male"
"16",16,1,"male"
"17",17,1,"male"
"18",18,1,"male"
"19",19,1,"male"
"20",20,1,"male"
"21",21,1,"male"
"22",22,1,"male"
"23",23,1,"male"
"24",24,1,"male"
"25",25,1,"male"
"26",26,1,"male"
"27",27,1,"male"
"28",28,1,"male"
"29",29,1,"male"
"30",30,1,"male"
"31",31,1,"male"
"32",32,1,"male"
"33",33,1,"male"
"34",34,1,"male"
"35",35,1,"male"
"36",36,1,"male"
"37",37,1,"male"
"38",38,1,"male"
"39",39,1,"male"
"40",40,1,"male"
"41",41,1,"male"
"42",42,1,"male"
"43",43,1,"male"
"44",44,1,"male"
"45",45,1,"male"
"46",46,1,"male"
"47",47,1,"male"
"48",48,1,"male"
"49",49,1,"male"
"50",50,1,"male"
"51",51,1,"male"
"52",52,1,"male"
"53",53,2,"male"
"54",54,2,"male"
"55",55,2,"male"
"56",56,2,"male"
"57",57,3,"male"
"58",58,3,"male"
"59",59,3,"male"
"60",60,3,"male"
"61",61,3,"male"
"62",62,4,"male"
"63",63,4,"male"
"64",64,4,"male"
"65",65,4,"male"
"66",66,4,"male"
"67",67,4,"male"
"68",68,4,"male"
"69",69,4,"male"
"70",70,4,"male"
"71",71,5,"male"
"72",72,5,"male"
"73",73,5,"male"
"74",74,5,"male"
"75",75,6,"male"
"76",76,6,"male"
"77",77,6,"male"
"78",78,6,"male"
"79",79,7,"male"
"80",80,8,"male"
"81",81,9,"male"
"82",82,9,"male"
"83",83,10,"male"
"84",84,10,"male"
"85",85,10,"male"
"86",86,11,"male"
"87",87,11,"male"
"88",88,12,"male"
"89",89,12,"male"
"90",90,12,"male"
"91",91,13,"male"
"92",92,15,"male"
"93",93,15,"male"
"94",94,18,"male"
"95",95,19,"male"
"96",96,19,"male"
"97",97,30,"male"
"98",98,30,"male"
"99",99,40,"male"
"100",100,45,"male"
"101",101,99,"male"
"102",102,99,"male"
"103",103,99,"male"
"104",104,0,"female"
"105",105,0,"female"
"106",106,1,"female"
"107",107,1,"female"
"108",108,1,"female"
"109",109,1,"female"
"110",110,1,"female"
"111",111,1,"female"
"112",112,1,"female"
"113",113,1,"female"
"114",114,1,"female"
"115",115,1,"female"
"116",116,1,"female"
"117",117,1,"female"
"118",118,1,"female"
"119",119,1,"female"
"120",120,1,"female"
"121",121,1,"female"
"122",122,1,"female"
"123",123,1,"female"
"124",124,1,"female"
"125",125,1,"female"
"126",126,1,"female"
"127",127,1,"female"
"128",128,1,"female"
"129",129,1,"female"
"130",130,1,"female"
"131",131,1,"female"
"132",132,1,"female"
"133",133,1,"female"
"134",134,1,"female"
"135",135,1,"female"
"136",136,1,"female"
"137",137,1,"female"
"138",138,1,"female"
"139",139,1,"female"
"140",140,1,"female"
"141",141,1,"female"
"142",142,1,"female"
"143",143,1,"female"
"144",144,1,"female"
"145",145,1,"female"
"146",146,1,"female"
"147",147,1,"female"
"148",148,1,"female"
"149",149,1,"female"
"150",150,1,"female"
"151",151,1,"female"
"152",152,1,"female"
"153",153,1,"female"
"154",154,1,"female"
"155",155,1,"female"
"156",156,1,"female"
"157",157,1,"female"
"158",158,1,"female"
"159",159,1,"female"
"160",160,1,"female"
"161",161,1,"female"
"162",162,1,"female"
"163",163,1,"female"
"164",164,1,"female"
"165",165,1,"female"
"166",166,1,"female"
"167",167,1,"female"
"168",168,1,"female"
"169",169,1,"female"
"170",170,1,"female"
"171",171,2,"female"
"172",172,2,"female"
"173",173,2,"female"
"174",174,2,"female"
"175",175,2,"female"
"176",176,2,"female"
"177",177,2,"female"
"178",178,3,"female"
"179",179,3,"female"
"180",180,3,"female"
"181",181,3,"female"
"182",182,3,"female"
"183",183,3,"female"
"184",184,3,"female"
"185",185,4,"female"
"186",186,4,"female"
"187",187,4,"female"
"188",188,5,"female"
"189",189,5,"female"
"190",190,5,"female"
"191",191,5,"female"
"192",192,5,"female"
"193",193,5,"female"
"194",194,5,"female"
"195",195,6,"female"
"196",196,7,"female"
"197",197,7,"female"
"198",198,8,"female"
"199",199,10,"female"
"200",200,10,"female"
"201",201,10,"female"
"202",202,11,"female"
"203",203,12,"female"
"204",204,15,"female"
"205",205,20,"female"
"206",206,30,"female"
